{
	"format_version": "1.20.50",
	"minecraft:item": {
		"description": {
			"identifier": "coptaine:minimap"
		},
		"components": {
			"minecraft:icon": {
				"texture": "minimap"
			},
			"minecraft:max_stack_size": 1,
			"minecraft:display_name": {
				"value": "Minimap"
			},
			"minecraft:tags": {
				"tags": [
					"coptaine:minimap"
				]
			},
			"minecraft:food":{
				"can_always_eat": true
		},
			"minecraft:use_animation": "eat",
			"minecraft:use_modifiers": {
				"use_duration": 99999,
				"movement_modifier": 1
			}
		}
	}
}