{
	"format_version": "1.12.0",
	"minecraft:geometry": [
		{
			"description": {
				"identifier": "geometry.minimap.self",
				"texture_width": 2,
				"texture_height": 2,
				"visible_bounds_width": 2,
				"visible_bounds_height": 13,
				"visible_bounds_offset": [0, 5.5, 0]
			},
			"bones": [
				{
					"name": "minimap",
					"pivot": [0, 177, 0]
				},
				{
					"name": "self",
					"parent": "minimap",
					"pivot": [0, 176, 0],
					"cubes": [
						{"origin": [-1, 175, -0.1], "size": [2, 2, 0], "uv": [0, 0]}
					]
				}
			]
		}
	]
}