{
	"format_version": "1.12.0",
	"minecraft:geometry": [
		{ "description": { "identifier": "geometry.minimap.npc1", "texture_width": 2, "texture_height": 2, "visible_bounds_width": 2, "visible_bounds_height": 13, "visible_bounds_offset": [0, 5.5, 0]}, "bones": [{ "name": "minimap", "pivot": [0, 177, 0]}, { "name": "npc_1", "parent": "minimap", "pivot": [0, 176, 0], "cubes": [{ "origin": [-1, 175, -0.1], "size": [2, 2, 0], "uv": [0, 0]}]}]},
		{ "description": { "identifier": "geometry.minimap.npc2", "texture_width": 2, "texture_height": 2, "visible_bounds_width": 2, "visible_bounds_height": 13, "visible_bounds_offset": [0, 5.5, 0]}, "bones": [{ "name": "minimap", "pivot": [0, 177, 0]}, { "name": "npc_2", "parent": "minimap", "pivot": [0, 176, 0], "cubes": [{ "origin": [-1, 175, -0.1], "size": [2, 2, 0], "uv": [0, 0]}]}]},
		{ "description": { "identifier": "geometry.minimap.npc3", "texture_width": 2, "texture_height": 2, "visible_bounds_width": 2, "visible_bounds_height": 13, "visible_bounds_offset": [0, 5.5, 0]}, "bones": [{ "name": "minimap", "pivot": [0, 177, 0]}, { "name": "npc_3", "parent": "minimap", "pivot": [0, 176, 0], "cubes": [{ "origin": [-1, 175, -0.1], "size": [2, 2, 0], "uv": [0, 0]}]}]},
		{ "description": { "identifier": "geometry.minimap.npc4", "texture_width": 2, "texture_height": 2, "visible_bounds_width": 2, "visible_bounds_height": 13, "visible_bounds_offset": [0, 5.5, 0]}, "bones": [{ "name": "minimap", "pivot": [0, 177, 0]}, { "name": "npc_4", "parent": "minimap", "pivot": [0, 176, 0], "cubes": [{ "origin": [-1, 175, -0.1], "size": [2, 2, 0], "uv": [0, 0]}]}]},
		{ "description": { "identifier": "geometry.minimap.npc5", "texture_width": 2, "texture_height": 2, "visible_bounds_width": 2, "visible_bounds_height": 13, "visible_bounds_offset": [0, 5.5, 0]}, "bones": [{ "name": "minimap", "pivot": [0, 177, 0]}, { "name": "npc_5", "parent": "minimap", "pivot": [0, 176, 0], "cubes": [{ "origin": [-1, 175, -0.1], "size": [2, 2, 0], "uv": [0, 0]}]}]},
		{ "description": { "identifier": "geometry.minimap.npc6", "texture_width": 2, "texture_height": 2, "visible_bounds_width": 2, "visible_bounds_height": 13, "visible_bounds_offset": [0, 5.5, 0]}, "bones": [{ "name": "minimap", "pivot": [0, 177, 0]}, { "name": "npc_6", "parent": "minimap", "pivot": [0, 176, 0], "cubes": [{ "origin": [-1, 175, -0.1], "size": [2, 2, 0], "uv": [0, 0]}]}]},
		{ "description": { "identifier": "geometry.minimap.npc7", "texture_width": 2, "texture_height": 2, "visible_bounds_width": 2, "visible_bounds_height": 13, "visible_bounds_offset": [0, 5.5, 0]}, "bones": [{ "name": "minimap", "pivot": [0, 177, 0]}, { "name": "npc_7", "parent": "minimap", "pivot": [0, 176, 0], "cubes": [{ "origin": [-1, 175, -0.1], "size": [2, 2, 0], "uv": [0, 0]}]}]},
		{ "description": { "identifier": "geometry.minimap.npc8", "texture_width": 2, "texture_height": 2, "visible_bounds_width": 2, "visible_bounds_height": 13, "visible_bounds_offset": [0, 5.5, 0]}, "bones": [{ "name": "minimap", "pivot": [0, 177, 0]}, { "name": "npc_8", "parent": "minimap", "pivot": [0, 176, 0], "cubes": [{ "origin": [-1, 175, -0.1], "size": [2, 2, 0], "uv": [0, 0]}]}]},
		{ "description": { "identifier": "geometry.minimap.npc9", "texture_width": 2, "texture_height": 2, "visible_bounds_width": 2, "visible_bounds_height": 13, "visible_bounds_offset": [0, 5.5, 0]}, "bones": [{ "name": "minimap", "pivot": [0, 177, 0]}, { "name": "npc_9", "parent": "minimap", "pivot": [0, 176, 0], "cubes": [{ "origin": [-1, 175, -0.1], "size": [2, 2, 0], "uv": [0, 0]}]}]},
		{ "description": { "identifier": "geometry.minimap.npc10", "texture_width": 2, "texture_height": 2, "visible_bounds_width": 2, "visible_bounds_height": 13, "visible_bounds_offset": [0, 5.5, 0]}, "bones": [{ "name": "minimap", "pivot": [0, 177, 0]}, { "name": "npc_10", "parent": "minimap", "pivot": [0, 176, 0], "cubes": [{ "origin": [-1, 175, -0.1], "size": [2, 2, 0], "uv": [0, 0]}]}]}
	]
}